Name,date,Expected,Actual,isFuture
MSFT,2022-04-12 00:00:00,293.05594,290.74,False
MSFT,2022-04-13 00:00:00,292.39462,288.58,False
MSFT,2022-04-14 00:00:00,290.08304,288.31,False
MSFT,2022-04-18 00:00:00,290.0387,282.46,False
MSFT,2022-04-19 00:00:00,283.02945,286.17,False
MSFT,2022-04-20 00:00:00,288.64178,289.7,False
MSFT,2022-04-21 00:00:00,292.0147,293.3,False
MSFT,2022-04-22 00:00:00,295.54263,283.2,False
MSFT,2022-04-25 00:00:00,282.82297,281.11,False
MSFT,2022-04-26 00:00:00,282.47,278.36,False
MSFT,2022-04-27 00:00:00,279.5773,290.97,False
MSFT,2022-04-28 00:00:00,295.05948,290.98,False
MSFT,2022-04-29 00:00:00,292.38937,289.88,False
MSFT,2022-05-02 00:00:00,291.15253,284.94,False
MSFT,2022-05-03 00:00:00,285.64273,284.13,False
MSFT,2022-05-04 00:00:00,285.67252,290.88,False
MSFT,2022-05-05 00:00:00,293.8602,286.35,False
MSFT,2022-05-06 00:00:00,286.96713,279.25,False
MSFT,2022-05-09 00:00:00,279.44553,272.36,False
MSFT,2022-05-10 00:00:00,272.79257,273.75,False
MSFT,2022-05-11 00:00:00,275.74405,271.36,False
MSFT,2022-05-12 00:00:00,272.3822,259.88,False
MSFT,2022-05-13 00:00:00,259.40787,263.04,False
MSFT,2022-05-16 00:00:00,265.4684,265.82,False
MSFT,2022-05-17 00:00:00,267.74255,268.33,False
MSFT,2022-05-18 00:00:00,269.9245,263.6,False
MSFT,2022-05-19 00:00:00,263.9189,257.67,False
MSFT,2022-05-20 00:00:00,258.15018,258.54,False
MSFT,2022-05-23 00:00:00,260.3441,261.5,False
MSFT,2022-05-24 00:00:00,263.3707,261.33,False
MSFT,2022-05-25 00:00:00,262.4357,264.58,False
MSFT,2022-05-26 00:00:00,266.29288,267.11,False
MSFT,2022-05-27 00:00:00,268.55893,273.34,False
MSFT,2022-05-31 00:00:00,275.40616,274.77,False
MSFT,2022-06-01 00:00:00,275.83804,277.69,False
MSFT,2022-06-02 00:00:00,279.1567,274.65,False
MSFT,2022-06-03 00:00:00,275.04575,273.45,False
MSFT,2022-06-06 00:00:00,274.358,274.18,False
MSFT,2022-06-07 00:00:00,275.49893,273.13,False
MSFT,2022-06-08 00:00:00,274.03568,273.0,False
MSFT,2022-06-09 00:00:00,274.10065,272.71,False
MSFT,2022-06-10 00:00:00,273.77066,260.58,False
MSFT,2022-06-13 00:00:00,259.64526,249.02,False
MSFT,2022-06-14 00:00:00,249.10039,245.74,False
MSFT,2022-06-15 00:00:00,247.59882,255.3,False
MSFT,2022-06-16 00:00:00,258.62637,247.42,False
MSFT,2022-06-17 00:00:00,247.48145,250.5,False
MSFT,2022-06-21 00:00:00,252.61595,254.75,False
MSFT,2022-06-22 00:00:00,256.69632,257.17,False
MSFT,2022-06-23 00:00:00,258.45413,259.37,False
MSFT,2022-06-24 00:00:00,260.57706,267.98,False
MSFT,2022-06-27 00:00:00,270.23593,268.3,False
MSFT,2022-06-28 00:00:00,268.81107,266.91,False
MSFT,2022-06-29 00:00:00,267.3407,261.97,False
MSFT,2022-06-30 00:00:00,262.05264,259.53,False
MSFT,2022-07-01 00:00:00,260.29904,259.77,False
MSFT,2022-07-05 00:00:00,261.0115,262.98,False
MSFT,2022-07-06 00:00:00,264.5642,267.99,False
MSFT,2022-07-07 00:00:00,269.6862,269.06,False
MSFT,2022-07-08 00:00:00,269.90762,268.1,False
MSFT,2022-07-11 00:00:00,268.69388,266.53,False
MSFT,2022-07-12 00:00:00,267.16653,265.94,False
MSFT,2022-07-13 00:00:00,266.82446,253.55,False
MSFT,2022-07-14 00:00:00,252.69942,255.14,False
MSFT,2022-07-15 00:00:00,257.0601,260.37,False
MSFT,2022-07-18 00:00:00,262.47437,260.84,False
MSFT,2022-07-19 00:00:00,261.70206,259.72,False
MSFT,2022-07-20 00:00:00,260.41037,264.87,False
MSFT,2022-07-21 00:00:00,266.69034,264.89,False
MSFT,2022-07-22 00:00:00,265.5553,265.33,False
MSFT,2022-07-25 00:00:00,266.14542,261.5,False
MSFT,2022-07-26 00:00:00,261.6896,259.88,False
MSFT,2022-07-27 00:00:00,260.67545,270.05,False
MSFT,2022-07-28 00:00:00,272.8741,277.84,False
MSFT,2022-07-29 00:00:00,279.79135,282.0,False
MSFT,2022-08-01 00:00:00,283.25943,281.28,False
MSFT,2022-08-02 00:00:00,281.83585,277.89,False
MSFT,2022-08-03 00:00:00,278.16183,283.5,False
MSFT,2022-08-04 00:00:00,285.689,283.8,False
MSFT,2022-08-05 00:00:00,284.83292,283.65,False
MSFT,2022-08-08 00:00:00,284.6343,285.92,False
MSFT,2022-08-09 00:00:00,287.49057,283.08,False
MSFT,2022-08-10 00:00:00,283.63086,289.81,False
MSFT,2022-08-11 00:00:00,292.32758,291.21,False
MSFT,2022-08-12 00:00:00,292.64285,291.91,False
MSFT,2022-08-15 00:00:00,293.24692,294.18,False
MSFT,2022-08-16 00:00:00,295.9592,294.04,False
MSFT,2022-08-17 00:00:00,295.38684,293.35,False
MSFT,2022-08-18 00:00:00,294.63504,291.91,False
MSFT,2022-08-19 00:00:00,293.09808,289.25,False
MSFT,2022-08-22 00:00:00,290.2011,282.46,False
MSFT,2022-08-23 00:00:00,282.59842,278.86,False
MSFT,2022-08-24 00:00:00,279.68164,277.23,False
MSFT,2022-08-25 00:00:00,278.4009,279.02,False
MSFT,2022-08-26 00:00:00,280.73706,280.34,False
MSFT,2022-08-29 00:00:00,281.85278,267.4,False
MSFT,2022-08-30 00:00:00,266.26498,267.05,False
MSFT,2022-08-31 00:00:00,268.65152,267.11,False
MSFT,2022-09-01 00:00:00,268.60562,260.89,False
MSFT,2022-09-02 00:00:00,261.14236,264.74,False
MSFT,2022-09-06 00:00:00,266.94904,257.83,False
MSFT,2022-09-07 00:00:00,257.99823,258.83,False
MSFT,2022-09-08 00:00:00,260.57654,260.43,False
MSFT,2022-09-09 00:00:00,262.10782,265.23,False
MSFT,2022-09-12 00:00:00,267.22495,267.45,False
MSFT,2022-09-13 00:00:00,268.80057,260.4,False
MSFT,2022-09-14 00:00:00,260.23276,254.23,False
MSFT,2022-09-15 00:00:00,254.79291,251.4,False
MSFT,2022-09-16 00:00:00,252.79071,245.3,False
MSFT,2022-09-19 00:00:00,246.36972,245.14,False
MSFT,2022-09-20 00:00:00,247.25964,243.51,False
MSFT,2022-09-21 00:00:00,245.30148,247.66,False
MSFT,2022-09-22 00:00:00,250.06586,243.86,False
MSFT,2022-09-23 00:00:00,244.93617,241.13,False
MSFT,2022-09-26 00:00:00,242.73439,241.45,False
MSFT,2022-09-27 00:00:00,243.55664,241.8,False
MSFT,2022-09-28 00:00:00,243.72498,242.33,False
MSFT,2022-09-29 00:00:00,244.15527,239.95,False
MSFT,2022-09-30 00:00:00,241.43546,240.54,False
MSFT,2022-10-03 00:00:00,242.50827,241.61,False
MSFT,2022-10-04 00:00:00,243.47281,250.36,False
MSFT,2022-10-05 00:00:00,252.88031,250.58,False
MSFT,2022-10-06 00:00:00,251.28442,250.34,False
MSFT,2022-10-07 00:00:00,251.14731,241.32,False
MSFT,2022-10-10 00:00:00,241.4208,234.56,False
MSFT,2022-10-11 00:00:00,236.00562,229.06,False
MSFT,2022-10-12 00:00:00,231.39554,227.86,False
MSFT,2022-10-13 00:00:00,230.89334,236.1,False
MSFT,2022-10-14 00:00:00,239.47894,237.24,False
MSFT,2022-10-17 00:00:00,238.95755,238.96,False
MSFT,2022-10-18 00:00:00,240.63596,243.93,False
MSFT,2022-10-19 00:00:00,245.7723,239.61,False
MSFT,2022-10-20 00:00:00,240.12624,241.31,False
MSFT,2022-10-21 00:00:00,242.91718,243.0,False
MSFT,2022-10-24 00:00:00,244.38763,247.84,False
MSFT,2022-10-25 00:00:00,249.34721,251.04,False
MSFT,2022-10-26 00:00:00,251.96799,238.3,False
MSFT,2022-10-27 00:00:00,237.5776,233.69,False
MSFT,2022-10-28 00:00:00,235.29149,236.6,False
MSFT,2022-10-31 00:00:00,239.05,234.92,False
MSFT,2022-11-01 00:00:00,236.4827,235.74,False
MSFT,2022-11-02 00:00:00,237.62,231.3,False
MSFT,2022-11-03 00:00:00,232.80933,220.41,False
MSFT,2022-11-04 00:00:00,222.63411,221.59,False
MSFT,2022-11-07 00:00:00,225.48962,228.41,False
MSFT,2022-11-08 00:00:00,231.9675,231.65,False
MSFT,2022-11-09 00:00:00,233.92879,228.63,False
MSFT,2022-11-10 00:00:00,230.30653,243.33,False
MSFT,2022-11-11 00:00:00,246.57481,247.99,False
MSFT,2022-11-14 00:00:00,248.69305,243.91,False
MSFT,2022-11-15 00:00:00,243.53738,247.0,False
MSFT,2022-11-16 00:00:00,248.07526,243.8,False
MSFT,2022-11-17 00:00:00,243.9372,243.25,False
MSFT,2022-11-18 00:00:00,244.03127,243.74,False
MSFT,2022-11-21 00:00:00,244.6969,244.67,False
MSFT,2022-11-22 00:00:00,245.60611,245.31,False
MSFT,2022-11-23 00:00:00,246.1597,248.28,False
MSFT,2022-11-25 00:00:00,249.35791,248.7,False
MSFT,2022-11-28 00:00:00,249.25328,246.65,False
MSFT,2022-11-29 00:00:00,246.98029,242.79,False
MSFT,2022-11-30 00:00:00,243.23383,255.33,False
MSFT,2022-12-01 00:00:00,258.0398,256.12,False
MSFT,2022-12-02 00:00:00,256.15665,256.06,False
MSFT,2022-12-05 00:00:00,256.15402,253.82,False
MSFT,2022-12-06 00:00:00,253.8302,251.86,False
MSFT,2022-12-07 00:00:00,252.117,246.16,False
MSFT,2022-12-08 00:00:00,246.18427,248.74,False
MSFT,2022-12-09 00:00:00,250.1758,248.31,False
MSFT,2022-12-12 00:00:00,249.04132,252.54,False
MSFT,2022-12-13 00:00:00,253.85027,263.92,False
MSFT,2022-12-14 00:00:00,266.053,262.59,False
MSFT,2022-12-15 00:00:00,262.11923,254.2,False
MSFT,2022-12-16 00:00:00,253.19933,249.84,False
MSFT,2022-12-19 00:00:00,250.28012,245.21,False
MSFT,2022-12-20 00:00:00,245.93008,242.91,False
MSFT,2022-12-21 00:00:00,244.20212,245.62,False
MSFT,2022-12-22 00:00:00,247.52277,241.99,False
MSFT,2022-12-23 00:00:00,242.87677,238.87,False
MSFT,2022-12-27 00:00:00,240.22298,238.93,False
MSFT,2022-12-28 00:00:00,240.83513,239.72,False
MSFT,2022-12-29 00:00:00,241.54376,241.92,False
MSFT,2022-12-30 00:00:00,243.71027,239.96,False
MSFT,2023-01-03 00:00:00,241.14917,245.75,False
MSFT,2023-01-04 00:00:00,247.89896,232.87,False
MSFT,2023-01-05 00:00:00,233.0185,227.55,False
MSFT,2023-01-06 00:00:00,229.98125,225.76,False
MSFT,2023-01-09 00:00:00,228.94345,231.24,False
MSFT,2023-01-10 00:00:00,234.6148,231.31,False
MSFT,2023-01-11 00:00:00,233.5576,235.95,False
MSFT,2023-01-12 00:00:00,238.41095,239.9,False
MSFT,2023-01-13 00:00:00,241.7473,239.37,False
MSFT,2023-01-17 00:00:00,240.45425,240.91,False
MSFT,2023-01-18 00:00:00,242.34108,242.38,False
MSFT,2023-01-19 00:00:00,243.66776,235.52,False
MSFT,2023-01-20 00:00:00,236.10439,240.74,False
MSFT,2023-01-23 00:00:00,243.04303,245.17,False
MSFT,2023-01-24 00:00:00,246.74023,243.95,False
MSFT,2023-01-25 00:00:00,244.51613,243.3,False
MSFT,2023-01-26 00:00:00,244.20349,248.31,False
MSFT,2023-01-27 00:00:00,249.88266,249.83,False
MSFT,2023-01-30 00:00:00,250.50047,245.6,False
MSFT,2023-01-31 00:00:00,245.60406,247.95,False
MSFT,2023-02-01 00:00:00,249.17398,255.18,False
MSFT,2023-02-02 00:00:00,256.7842,264.69,False
MSFT,2023-02-03 00:00:00,266.2061,264.2,False
MSFT,2023-02-06 00:00:00,263.76425,258.3,False
MSFT,2023-02-07 00:00:00,257.41782,268.77,False
MSFT,2023-02-08 00:00:00,271.07394,276.76,False
MSFT,2023-02-09 00:00:00,278.15704,273.98,False
MSFT,2023-02-10 00:00:00,273.29538,264.09,False
MSFT,2023-02-13 00:00:00,262.6461,274.6,False
MSFT,2023-02-14 00:00:00,277.28238,274.97,False
MSFT,2023-02-15 00:00:00,275.22858,270.73,False
MSFT,2023-02-16 00:00:00,270.2153,266.74,False
MSFT,2023-02-17 00:00:00,266.67084,260.09,False
MSFT,2023-02-21 00:00:00,259.79453,255.49,False
MSFT,2023-02-22 00:00:00,255.86388,254.34,False
MSFT,2023-02-23 00:00:00,255.39064,256.84,False
MSFT,2023-02-24 00:00:00,258.31302,251.0,False
MSFT,2023-02-27 00:00:00,251.08292,252.82,False
MSFT,2023-02-28 00:00:00,254.37799,251.49,False
MSFT,2023-03-01 00:00:00,252.40536,250.93,False
MSFT,2023-03-02 00:00:00,252.008,251.4,False
MSFT,2023-03-03 00:00:00,252.66663,255.62,False
MSFT,2023-03-06 00:00:00,257.31937,260.12,False
MSFT,2023-03-07 00:00:00,261.5789,257.69,False
MSFT,2023-03-08 00:00:00,257.9251,254.54,False
MSFT,2023-03-09 00:00:00,255.03369,259.56,False
MSFT,2023-03-10 00:00:00,261.48898,252.79,False
MSFT,2023-03-13 00:00:00,252.62628,257.91,False
MSFT,2023-03-14 00:00:00,259.96744,261.07,False
MSFT,2023-03-15 00:00:00,262.455,266.48,False
MSFT,2023-03-16 00:00:00,268.07114,276.56,False
MSFT,2023-03-17 00:00:00,278.94138,283.33,False
MSFT,2023-03-20 00:00:00,284.9843,277.48,False
MSFT,2023-03-21 00:00:00,276.87302,275.0,False
MSFT,2023-03-22 00:00:00,275.45782,281.04,False
MSFT,2023-03-23 00:00:00,283.24478,281.06,False
MSFT,2023-03-24 00:00:00,281.87094,280.63,False
MSFT,2023-03-27 00:00:00,281.42804,281.46,False
MSFT,2023-03-28 00:00:00,282.61426,276.14,False
MSFT,2023-03-29 00:00:00,276.09128,281.14,False
MSFT,2023-03-30 00:00:00,283.2076,284.46,False
MSFT,2023-03-31 00:00:00,286.05347,289.27,False
MSFT,2023-04-03 00:00:00,291.1123,288.27,False
MSFT,2023-04-04 00:00:00,289.06772,290.45,False
MSFT,2023-04-05 00:00:00,292.0044,287.15,False
MSFT,2023-04-06 00:00:00,287.7015,292.08,False
MSFT,2023-04-10 00:00:00,294.3155,289.6,False
MSFT,2023-04-11 00:00:00,290.38333,285.98,False
MSFT,2023-04-12 00:00:00,286.56528,287.01,False
MSFT,2023-04-13 00:00:00,288.6282,289.9,False
MSFT,2023-04-14 00:00:00,291.8263,288.48,False
MSFT,2023-04-17 00:00:00,289.51035,291.6,False
MSFT,2023-04-18 00:00:00,293.5934,291.76,False
MSFT,2023-04-19 00:00:00,293.20505,289.05,False
MSFT,2023-04-20 00:00:00,289.9514,289.03,False
MSFT,2023-04-21 00:00:00,290.54788,286.27,False
MSFT,2023-04-24 00:00:00,287.24844,284.95,False
MSFT,2023-04-25 00:00:00,286.21365,281.6,False
MSFT,2023-04-26 00:00:00,282.46774,299.57,False
MSFT,2023-04-27 00:00:00,304.60223,305.2,False
MSFT,2023-04-28 00:00:00,307.68985,308.93,False
MSFT,2023-05-01 00:00:00,311.1783,308.6,False
MSFT,2023-05-02 00:00:00,310.448,309.18,False
MSFT,2023-05-03 00:00:00,311.29013,308.61,False
MSFT,2023-05-04 00:00:00,310.60098,307.76,False
MSFT,2023-05-05 00:00:00,309.714,311.97,False
MSFT,2023-05-08 00:00:00,314.8116,310.2,False
MSFT,2023-05-09 00:00:00,312.06284,310.04,False
MSFT,2023-05-10 00:00:00,312.1628,313.0,False
MSFT,2023-05-11 00:00:00,315.71213,311.12,False
MSFT,2023-05-12 00:00:00,313.03445,310.65,False
MSFT,2023-05-15 00:00:00,312.78757,309.9,False
MSFT,2023-05-16 00:00:00,312.0345,313.71,False
MSFT,2023-05-17 00:00:00,316.58096,314.43,False
MSFT,2023-05-18 00:00:00,316.8141,319.04,False
MSFT,2023-05-19 00:00:00,321.9874,318.75,False
MSFT,2023-05-22 00:00:00,321.04492,322.59,False
MSFT,2023-05-23 00:00:00,325.44635,322.72,False
MSFT,2023-05-24 00:00:00,325.14676,316.5,False
MSFT,2023-05-25 00:00:00,318.0318,326.9,False
MSFT,2023-05-26 00:00:00,330.67334,333.4,False
MSFT,2023-05-30 00:00:00,336.4225,335.74,False
MSFT,2023-05-31 00:00:00,338.13132,335.94,False
MSFT,2023-06-01 00:00:00,338.20853,333.53,False
MSFT,2023-06-02 00:00:00,335.70895,337.5,False
MSFT,2023-06-05 00:00:00,340.20184,338.56,False
MSFT,2023-06-06 00:00:00,340.98624,335.37,False
MSFT,2023-06-07 00:00:00,337.52585,334.49,False
MSFT,2023-06-08 00:00:00,336.933,326.64,False
MSFT,2023-06-09 00:00:00,328.49927,329.99,False
MSFT,2023-06-12 00:00:00,333.0449,332.1,False
MSFT,2023-06-13 00:00:00,334.98312,336.98,False
MSFT,2023-06-14 00:00:00,339.84744,339.04,False
MSFT,2023-06-15 00:00:00,341.55417,349.84,False
MSFT,2023-06-16 00:00:00,352.17316,351.47,False
MSFT,2023-06-20 00:00:00,353.0794,342.08,False
MSFT,2023-06-21 00:00:00,343.70596,337.73,False
MSFT,2023-06-22 00:00:00,339.96283,340.12,False
MSFT,2023-06-23 00:00:00,342.91876,337.96,False
MSFT,2023-06-26 00:00:00,340.42935,336.11,False
MSFT,2023-06-27 00:00:00,338.6169,336.15,False
MSFT,2023-06-28 00:00:00,338.86465,337.98,False
MSFT,2023-06-29 00:00:00,340.78137,336.11,False
MSFT,2023-06-30 00:00:00,338.64096,342.73,False
MSFT,2023-07-03 00:00:00,345.65225,340.9,False
MSFT,2023-07-05 00:00:00,343.28146,341.65,False
MSFT,2023-07-06 00:00:00,344.16794,342.99,False
MSFT,2023-07-07 00:00:00,345.56094,341.79,False
MSFT,2023-07-10 00:00:00,344.251,335.23,False
MSFT,2023-07-11 00:00:00,337.5023,332.86,False
MSFT,2023-07-12 00:00:00,335.57303,341.65,False
MSFT,2023-07-13 00:00:00,345.02295,343.74,False
MSFT,2023-07-14 00:00:00,346.33188,351.43,False
MSFT,2023-07-17 00:00:00,353.64597,346.99,False
MSFT,2023-07-18 00:00:00,348.94644,366.78,False
MSFT,2023-07-19 00:00:00,367.1373,362.46,False
MSFT,2023-07-20 00:00:00,362.8894,357.97,False
MSFT,2023-07-21 00:00:00,359.08597,350.3,False
MSFT,2023-07-24 00:00:00,352.24197,346.92,False
MSFT,2023-07-25 00:00:00,349.36453,351.89,False
MSFT,2023-07-26 00:00:00,354.38956,344.67,False
MSFT,2023-07-27 00:00:00,346.96942,341.33,False
MSFT,2023-07-28 00:00:00,343.95352,340.01,False
MSFT,2023-07-31 00:00:00,342.88437,337.7,False
MSFT,2023-08-01 00:00:00,340.51794,338.54,False
MSFT,2023-08-02 00:00:00,341.5405,333.63,False
MSFT,2023-08-03 00:00:00,336.2461,329.88,False
MSFT,2023-08-04 00:00:00,332.5992,335.14,False
MSFT,2023-08-07 00:00:00,338.6688,331.11,False
MSFT,2023-08-08 00:00:00,333.76785,328.75,False
MSFT,2023-08-09 00:00:00,331.51678,327.11,False
MSFT,2023-08-10 00:00:00,330.02902,328.26,False
MSFT,2023-08-11 00:00:00,331.44498,322.41,False
MSFT,2023-08-14 00:00:00,324.73984,324.06,False
MSFT,2023-08-15 00:00:00,327.2773,325.09,False
MSFT,2023-08-16 00:00:00,328.23404,324.42,False
MSFT,2023-08-17 00:00:00,327.2629,321.87,False
MSFT,2023-08-18 00:00:00,324.46933,318.38,False
MSFT,2023-08-21 00:00:00,320.83002,322.77,False
MSFT,2023-08-22 00:00:00,326.27878,326.08,False
MSFT,2023-08-23 00:00:00,329.3486,329.2,False
MSFT,2023-08-24 00:00:00,332.2972,332.98,False
MSFT,2023-08-25 00:00:00,336.04623,325.36,False
MSFT,2023-08-28 00:00:00,327.3005,326.15,False
MSFT,2023-08-29 00:00:00,329.05847,328.98,False
MSFT,2023-08-30 00:00:00,332.14914,329.81,False
MSFT,2023-08-31 00:00:00,332.63336,330.91,False
MSFT,2023-09-01 00:00:00,333.7155,331.99,False
MSFT,2023-09-05 00:00:00,334.78122,334.85,False
MSFT,2023-09-06 00:00:00,337.726,334.46,False
MSFT,2023-09-07 00:00:00,337.03302,333.08,False
MSFT,2023-09-08 00:00:00,335.59317,336.16,False
MSFT,2023-09-11 00:00:00,339.0391,338.42,False
MSFT,2023-09-12 00:00:00,341.11902,336.79,False
MSFT,2023-09-13 00:00:00,339.1875,336.85,False
MSFT,2023-09-14 00:00:00,339.4197,340.86,False
MSFT,2023-09-15 00:00:00,343.61484,337.4,False
MSFT,2023-09-18 00:00:00,339.67612,330.4,False
MSFT,2023-09-19 00:00:00,332.45322,329.39,False
MSFT,2023-09-20 00:00:00,332.13004,329.59,False
MSFT,2023-09-21 00:00:00,332.47037,325.35,False
MSFT,2023-09-22 00:00:00,327.68387,321.45,False
MSFT,2023-09-25 00:00:00,323.77664,317.67,False
MSFT,2023-09-26 00:00:00,319.9876,315.88,False
MSFT,2023-09-27 00:00:00,318.41818,314.3,False
MSFT,2023-09-28 00:00:00,316.80667,315.48,False
MSFT,2023-09-29 00:00:00,318.3566,319.47,False
MSFT,2023-10-02 00:00:00,322.71915,321.89,False
MSFT,2023-10-03 00:00:00,324.86032,321.39,False
MSFT,2023-10-04 00:00:00,323.96512,320.04,False
MSFT,2023-10-05 00:00:00,322.53415,319.98,False
MSFT,2023-10-06 00:00:00,322.68124,329.19,False
MSFT,2023-10-09 00:00:00,332.9327,330.3,False
MSFT,2023-10-10 00:00:00,333.01895,331.1,False
MSFT,2023-10-11 00:00:00,333.7314,332.82,False
MSFT,2023-10-12 00:00:00,335.5964,333.63,False
MSFT,2023-10-13 00:00:00,336.30984,333.83,False
MSFT,2023-10-16 00:00:00,336.4517,336.14,False
MSFT,2023-10-17 00:00:00,338.90396,333.46,False
MSFT,2023-10-18 00:00:00,335.84607,335.59,False
MSFT,2023-10-19 00:00:00,338.3715,336.88,False
MSFT,2023-10-20 00:00:00,339.56442,331.92,False
MSFT,2023-10-23 00:00:00,334.11536,332.73,False
MSFT,2023-10-24 00:00:00,335.4962,331.84,False
MSFT,2023-10-25 00:00:00,334.49182,346.2,False
MSFT,2023-10-26 00:00:00,349.33105,341.63,False
MSFT,2023-10-27 00:00:00,343.5949,336.72,False
MSFT,2023-10-30 00:00:00,338.77368,339.45,False
MSFT,2023-10-31 00:00:00,342.20837,339.0,False
MSFT,2023-11-01 00:00:00,341.51538,347.42,False
MSFT,2023-11-02 00:00:00,349.99435,348.83,False
MSFT,2023-11-03 00:00:00,350.81213,354.39,False
MSFT,2023-11-06 00:00:00,356.01443,357.54,False
MSFT,2023-11-07 00:00:00,358.7259,362.46,False
MSFT,2023-11-08 00:00:00,363.02585,363.87,False
MSFT,2023-11-09 00:00:00,364.1863,364.79,False
MSFT,2023-11-10 00:00:00,365.0382,370.1,False
MSFT,2023-11-13 00:00:00,369.51608,368.47,False
MSFT,2023-11-14 00:00:00,368.19193,371.95,False
MSFT,2023-11-15 00:00:00,371.13065,373.13,False
MSFT,2023-11-16 00:00:00,372.1199,376.35,False
MSFT,2023-11-17 00:00:00,374.66202,374.37,False
MSFT,2023-11-20 00:00:00,373.24457,378.87,False
MSFT,2023-11-21 00:00:00,376.74307,376.22,False
MSFT,2023-11-22 00:00:00,374.86102,379.79,False
MSFT,2023-11-24 00:00:00,377.61484,377.97,False
MSFT,2023-11-27 00:00:00,376.38235,380.64,False
MSFT,2023-11-28 00:00:00,378.4346,383.0,False
MSFT,2023-11-29 00:00:00,380.1965,384.3,False
MSFT,2023-11-30 00:00:00,381.21445,380.09,False
MSFT,2023-12-01 00:00:00,378.4463,378.16,False
MSFT,2023-12-04 00:00:00,377.23434,369.52,False
MSFT,2023-12-05 00:00:00,370.71222,373.08,False
MSFT,2023-12-06 00:00:00,373.6873,374.18,False
MSFT,2023-12-07 00:00:00,374.50314,371.45,False
MSFT,2023-12-08 00:00:00,372.41,374.46,False
MSFT,2023-12-11 00:00:00,374.89484,371.6,False
MSFT,2023-12-12 00:00:00,372.767,374.42,False
MSFT,2023-12-12 00:00:00,372.767,374.42,False
MSFT,2023-12-13 00:00:00,375.1021,377.64,False
MSFT,2023-12-14 00:00:00,377.60025,373.76,False
MSFT,2023-12-15 00:00:00,374.77875,372.4,False
MSFT,2023-12-18 00:00:00,373.87155,373.0,False
MSFT,2023-12-19 00:00:00,374.42142,373.26,False
MSFT,2023-12-20 00:00:00,374.63885,376.03,False
MSFT,2023-12-21 00:00:00,376.76953,374.41,False
MSFT,2023-12-22 00:00:00,375.56418,375.18,False
MSFT,2023-12-26 00:00:00,376.2031,376.94,False
MSFT,2023-12-27 00:00:00,377.5521,375.06,False
MSFT,2023-12-28 00:00:00,376.15912,376.46,False
MSFT,2023-12-29 00:00:00,377.24442,377.16,False
MSFT,2024-01-02 00:00:00,377.76755,375.9,False
MSFT,2024-01-03 00:00:00,376.835,373.26,False
MSFT,2024-01-04 00:00:00,374.83655,373.1,False
MSFT,2024-01-05 00:00:00,374.71207,372.06,False
MSFT,2024-01-08 00:00:00,373.85043,375.2,False
MSFT,2024-01-09 00:00:00,376.2128,375.99,False
MSFT,2024-01-10 00:00:00,376.73123,384.17,False
MSFT,2024-01-11 00:00:00,382.52695,390.68,False
MSFT,2024-01-12 00:00:00,386.75504,388.68,False
MSFT,2024-01-16 00:00:00,385.67874,394.03,False
MSFT,2024-01-17 00:00:00,389.129,390.11,False
MSFT,2024-01-18 00:00:00,386.9884,393.99,False
MSFT,2024-01-19 00:00:00,389.47116,398.67,False
MSFT,2024-01-22 00:00:00,392.27313,400.62,False
MSFT,2024-01-23 00:00:00,393.5288,399.38,False
MSFT,2024-01-24 00:00:00,393.0998,405.63,False
MSFT,2024-01-25 00:00:00,396.49683,407.01,False
MSFT,2024-01-26 00:00:00,397.40152,406.17,False
MSFT,2024-01-29 00:00:00,397.24698,409.98,False
MSFT,2024-01-30 00:00:00,399.25693,413.05,False
MSFT,2024-01-31 00:00:00,400.8743,415.32,False
MSFT,2024-02-01 00:00:00,402.11884,408.0,False
MSFT,2024-02-02 00:00:00,399.22495,412.65,False
MSFT,2024-02-05 00:00:00,401.49475,411.16,False
MSFT,2024-02-06 00:00:00,401.10193,407.97,False
MSFT,2024-02-07 00:00:00,399.90408,414.3,False
MSFT,2024-02-08 00:00:00,402.87155,415.56,False
MSFT,2024-02-09 00:00:00,403.6746,420.82,False
MSFT,2024-02-12 00:00:00,406.01755,420.74,False
MSFT,2024-02-13 00:00:00,406.36087,410.07,False
MSFT,2024-02-14 00:00:00,402.44272,409.84,False
MSFT,2024-02-15 00:00:00,402.61807,409.13,False
MSFT,2024-02-16 00:00:00,402.58612,408.29,False
MSFT,2024-02-20 00:00:00,402.49008,404.49,False
MSFT,2024-02-21 00:00:00,400.98447,402.29,False
MSFT,2024-02-22 00:00:00,400.08264,412.83,False
MSFT,2024-02-23 00:00:00,404.97495,415.86,False
MSFT,2024-02-23 00:00:00,404.97495,415.86,True
MSFT,2024-02-26 00:00:00,406.44244,412.16,True
MSFT,2024-02-27 00:00:00,405.19772,408.32,True
MSFT,2024-02-28 00:00:00,403.72482,409.3,True
MSFT,2024-02-29 00:00:00,404.28604,414.2,True
MSFT,2024-03-01 00:00:00,406.4657,415.87,True
MSFT,2024-03-04 00:00:00,407.2897,417.35,True
MSFT,2024-03-05 00:00:00,408.03406,414.25,True
MSFT,2024-03-06 00:00:00,406.9704,405.16,True
MSFT,2024-03-07 00:00:00,403.07654,409.78,True
MSFT,2024-03-08 00:00:00,405.0839,410.42,True
MSFT,2024-03-11 00:00:00,405.3441,405.68,True
MSFT,2024-03-12 00:00:00,403.19305,415.57,True
MSFT,2024-03-13 00:00:00,407.35233,418.18,True
MSFT,2024-03-14 00:00:00,408.43814,427.82,True
MSFT,2024-03-15 00:00:00,411.92352,422.6,True
MSFT,2024-03-18 00:00:00,410.39407,420.73,True
MSFT,2024-03-19 00:00:00,409.86423,421.67,True
MSFT,2024-03-20 00:00:00,410.2864,425.96,True
MSFT,2024-03-21 00:00:00,411.81717,430.82,True
MSFT,2024-03-22 00:00:00,413.4455,429.86,True
MSFT,2024-03-25 00:00:00,413.2918,427.41,True
MSFT,2024-03-26 00:00:00,412.67328,425.99,True
MSFT,2024-03-27 00:00:00,412.36386,424.45,True
MSFT,2024-03-28 00:00:00,411.99283,421.87,True
